name,Класс,class_key,Предполагаемый
3D-моделлер / Визуализатор,Дизайн,2,1
UX/UI дизайнер (дизайнер интерфейсов),Дизайн,2,6
Lead 3D Artist/3D Modeller,Дизайн,2,10
Ведущий UX/UI дизайнер,Дизайн,2,10
Старший дизайнер по продукту (удаленно),Дизайн,2,6
Lead 2d Artist (Hyper Casual),Дизайн,2,10
2D Animator,Дизайн,2,5
Продуктовый дизайнер,Дизайн,2,10
Дизайнер,Дизайн,2,6
UX/UI дизайнер уровня middle,Дизайн,2,10
UX/UI дизайнер,Дизайн,2,10
Digital дизайнер,Дизайн,2,10
Графический дизайнер для digital-проектов,Дизайн,2,10
3D-моделлер,Дизайн,2,10
Контент-менеджер,Менеджер,6,6
Бизнес-аналитик,Менеджер,6,10
Менеджер по работе с маркетплейсом Wildberries (удаленно),Менеджер,6,6
Специалист по анализу рынка,Менеджер,6,6
Аккаунт менеджер,Менеджер,6,6
"Технический специалист IT, программист (SQL)",Менеджер,6,6
Менеджер по продажам в онлайн-школу,Менеджер,6,6
Офис-менеджер,Менеджер,6,6
Менеджер по оформлению (розничная торговля),Менеджер,6,6
Менеджер digital-проектов,Менеджер,6,6
Менеджер проектов (Project manager),Менеджер,6,6
Менеджер по продажам ПО для систем автономного управления сельскохозяйственной техникой,Менеджер,6,6
Региональный специалист по информационным системам в международную компанию,Менеджер,6,6
Специалист ИТ,Менеджер,6,6
Бизнес - аналитик,Менеджер,6,6
Менеджер проектов (Project Manager) по продвижению и внедрению BIM-решений (Екатеринбург),Менеджер,6,6
Консультант 1С,Менеджер,6,6
Аккаунт-менеджер веб-мастеров/affiliate manager,Менеджер,6,6
Менеджер по развитию корпоративного бизнеса,Менеджер,6,6
Специалист в службу поддержки поисковых сервисов,Менеджер,6,6
"Региональный менеджер по работе с клиентами в категории ""Авто""",Менеджер,6,6
Менеджер по продаже лидогенерации,Менеджер,6,11
Бизнес-аналитик с функцией product-owner,Менеджер,6,6
Менеджер по работе с ключевыми клиентами,Менеджер,6,6
Специалист в службу поддержки персональных сервисов,Менеджер,6,6
Аналитик,Менеджер,6,6
Менеджер по продажам (удаленная работа),Менеджер,6,6
Консультант SAP,Менеджер,6,6
Менеджер по продажам B2B на входящий поток (удаленно),Менеджер,6,6
Консультант-аналитик 1С,Менеджер,6,10
Специалист по контекстной рекламе,Менеджер,6,6
Методолог-консультант 1С,Менеджер,6,12
Специалист по ручному тестированию (Middle),Менеджер,6,6
Консультант SAP FI/CO,Менеджер,6,6
Специалист отдела технической поддержки,Менеджер,6,6
Эксперт по эксплуатации сетей,Менеджер,6,6
Менеджер по продажам (онлайн продуктов),Менеджер,6,6
Специалист по созданию веб-ботов,Менеджер,6,11
Менеджер по развитию бизнеса Oracle,Менеджер,6,6
Аналитик статистики КЦ,Менеджер,6,6
IT Бизнес-аналитик,Менеджер,6,5
Менеджер по продажам,Менеджер,6,6
Менеджер по продажам,Менеджер,6,6
Специалист по нагрузочному тестированию,Менеджер,6,6
Специалист службы поддержки пользователей,Менеджер,6,6
Ведущий менеджер по работе с клиентами,Менеджер,6,6
Менеджер по работе с клиентами и партнерами на территории УФО (г. Екатеринбург),Менеджер,6,6
Специалист по установке и ремонту КБТ,Менеджер,6,6
Специалист по методологии и регламентации,Менеджер,6,6
Специалист технической поддержки,Менеджер,6,6
1С Эксперт,Менеджер,6,1
Специалист технической поддержки группы CRM,Менеджер,6,6
Специалист сервисного центра,Менеджер,6,6
Ведущий специалист Центра внедрения и сопровождения,Менеджер,6,6
Менеджер по продукту,Менеджер,6,6
IT специалист (CRM интегратор),Менеджер,6,6
Категорийный менеджер (сотовая связь),Менеджер,6,6
Специалист поддержки срочных обращений,Менеджер,6,6
Аналитик (телеком направление),Менеджер,6,6
Менеджер по работе с клиентами,Менеджер,6,6
Менеджер по продажам,Менеджер,6,6
Специалист в службу поддержки геосервисов,Менеджер,6,6
Специалист внедрения 1С в подразделение Middle East,Менеджер,6,11
"Аккаунт менеджер (Software, b2b) удалённо",Менеджер,6,6
Менеджер по продажам услуг по привлечению клиентов,Менеджер,6,6
Менеджер по IT,Менеджер,6,10
Аналитик 1С,Менеджер,6,10
Специалист по сопровождению 1С,Менеджер,6,12
"Специалист С#, Asp.Net Core",Менеджер,6,10
Менеджер по продажам интернет-рекламы сайта недвижимости Циан / cian,Менеджер,6,6
Ведущий специалист (направление бизнес-аналитика и BI),Менеджер,6,6
Аналитик в направление «Голосовые технологии»,Менеджер,6,6
Старший специалист поддержки,Менеджер,6,6
Аналитик релизной команды,Менеджер,6,6
Консультант 1С [id64345],Менеджер,6,6
Консультант 1С: ERP,Менеджер,6,6
Специалист по нагрузочному тестированию,Менеджер,6,6
Региональный менеджер по продажам бутилированной воды,Менеджер,6,6
Трафик-менеджер (Крым),Менеджер,6,6
Менеджер проекта CRM,Менеджер,6,6
Специалист по информационной безопасности,Менеджер,6,6
Специалист отдела технической поддержки,Менеджер,6,6
Менеджер по продажам ИТ-продукта в корпоративный сегмент,Менеджер,6,12
Ведущий консультант Microsoft Dynamics 365 Sales,Менеджер,6,6
IT Recruiter \ Менеджер по подбору персонала,Менеджер,6,5
"Специалист / ведущий специалист SAP HR (PA, OM, PT) [33202]",Менеджер,6,6
Специалист по речевой аналитике КЦ,Менеджер,6,6
Специалист технической поддержки 1-ой линии,Менеджер,6,6
Ведущий специалист (направление RPA и бизнес-процессы),Менеджер,6,6
SEO-специалист,Менеджер,6,6
Региональный менеджер по CRM / CRM Manager (salesforce.com),Менеджер,6,12
Аналитик 1С:ЗУП [id59043],Менеджер,6,10
DevOps специалист [id52146],Менеджер,6,1
Специалист группы почтовой поддержки модерации Директа,Менеджер,6,6
Ведущий специалист по диджитализации,Менеджер,6,6
Региональный менеджер отдела продаж,Менеджер,6,6
Аналитик (remote),Менеджер,6,6
SEO-специалист,Менеджер,6,3
Capacity manager / Менеджер по производительности,Менеджер,6,5
Ведущий специалист по защите информации,Менеджер,6,6
DevOps специалист управления облачных решений (OpenStack),Менеджер,6,10
Специалист поддержки SAP FI,Менеджер,6,6
Специалист по организации ITSM процессов,Менеджер,6,6
Технический писатель,Менеджер,6,6
Главный специалист по информационной безопасности,Менеджер,6,6
DevOps специалист управления облачных решений (OpenShift),Менеджер,6,1
Консультант – аналитик Dynamics CRM,Менеджер,6,6
Консультант SAP,Менеджер,6,6
Менеджер проекта,Менеджер,6,6
Бизнес-аналитик 1С,Менеджер,6,11
Аналитик BI,Менеджер,6,6
Ведущий специалист (направление бизнес-аналитика и управление данными),Менеджер,6,6
Консультант 1С:Документооборот [id76782],Менеджер,6,6
Менеджер по продажам,Менеджер,6,6
Аналитик по планированию и отчетности,Менеджер,6,6
Ведущий специалист (по оптимизации бизнес-процессов и автоматизации),Менеджер,6,6
Менеджер по продаже и установке спутникового ТВ МТС,Менеджер,6,6
Менеджер по продажам,Менеджер,6,6
Менеджер по продажам IT-продуктов,Менеджер,6,6
Специалист в службу поддержки сервисов для организаций,Менеджер,6,6
Менеджер по продажам (home office),Менеджер,6,6
"Менеджер по продажам бизнес услуг (B2B, B2C)",Менеджер,6,6
Старший аналитик,Менеджер,6,6
Ведущий бизнес-аналитик 1С,Менеджер,6,10
Продавец-консультант в салон сотовой связи,Менеджер,6,6
Консультант-аналитик SAP PP,Менеджер,6,6
Специалист по IT,Менеджер,6,12
Консультант-аналитик SAP MM,Менеджер,6,6
Менеджер по продажам,Менеджер,6,10
Менеджер по продажам в Интернет-канале,Менеджер,6,6
Бизнес-аналитик,Менеджер,6,6
Специалист по технической поддержке,Менеджер,6,6
Бизнес-аналитик,Менеджер,6,6
Ведущий специалист пользовательского тестирования,Менеджер,6,6
Менеджер по продажам (на входящих лидах) удаленно,Менеджер,6,6
Региональный менеджер по продажам,Менеджер,6,6
Менеджер по продажам (на входящих лидах) удаленно,Менеджер,6,6
Ведущий специалист,Менеджер,6,6
Продуктовый маркетинговый аналитик в Яндекс.Практикум,Менеджер,6,6
Пресейл менеджер (Pre-sale),Менеджер,6,6
Менеджер по внедрению новых проектов,Менеджер,6,6
Главный специалист по работе с партнерами,Менеджер,6,6
Специалист по информационной безопасности,Менеджер,6,6
Аналитик систем мотивации,Менеджер,6,6
Менеджер по сопровождению закупок техники и ИТ,Менеджер,6,6
Бизнес Аналитик Salesforce,Менеджер,6,6
Консультант SAP MM\SD,Менеджер,6,6
Продуктовый аналитик,Менеджер,6,6
Специалист службы поддержки пользователей,Менеджер,6,6
Менеджер по оптовым продажам,Менеджер,6,6
Product Manager / Менеджер по продукту (Product Owner),Менеджер,6,10
Ведущий специалист направления процессного управления,Менеджер,6,6
Специалист отдела информационной безопасности,Менеджер,6,6
"Продавец-консультант в кобрендинговый офис МОТИВ и Xiaomi (ул. Вайнера, 19)",Менеджер,6,6
Бизнес-аналитик Tableau (удаленно),Менеджер,6,6
Аналитик ЦФТ,Менеджер,6,6
Вечерний менеджер,Менеджер,6,6
Специалист управления исследований и оптимизации бизнес-процессов,Менеджер,6,6
Главный специалист информационных технологий,Менеджер,6,6
Региональный менеджер по проектам,Менеджер,6,6
Аналитик (г. Сочи),Менеджер,6,6
Интернет-маркетолог (удаленно),Менеджер,6,6
Менеджер по продажам (удаленно),Менеджер,6,6
Менеджер разработки в Контур.Продажи,Менеджер,6,6
Менеджер по подбору персонала / HR менеджер,Менеджер,6,6
Специалист по поиску (размещение БС),Менеджер,6,6
Специалист технической поддержки,Менеджер,6,6
Специалист технической поддержки,Менеджер,6,6
Ведущий специалист Helpdesk,Менеджер,6,6
Специалист клиентского сервиса со знанием французского и английского языка,Менеджер,6,6
Специалист клиентского сервиса со знанием испанского и английского языка,Менеджер,6,6
Аналитик группы аналитики больших данных,Менеджер,6,6
Специалист по защите информации,Менеджер,6,6
"Специалист (BIM-менеджер Revit Architecture, Revit Structures)",Менеджер,6,6
Старший специалист группы поддержки,Менеджер,6,6
Специалист технической поддержки,Менеджер,6,6
Интернет-маркетолог в агентство контент-маркетинга (удалённо),Менеджер,6,6
Аналитик,Менеджер,6,6
"Менеджер по продажам (SaaS-сервис, B2B)",Менеджер,6,6
Специалист службы технической поддержки,Менеджер,6,6
Менеджер по продажам (Удаленно),Менеджер,6,6
Специалист по поддержке пользователей,Менеджер,6,6
Специалист в службу поддержки продукта Яндекс.Справочник,Менеджер,6,6
Специалист технической поддержки (удаленная работа),Менеджер,6,6
SEO-специалист,Менеджер,6,5
Риск-аналитик (банк),Менеджер,6,6
Технический специалист по работе с интернет-площадками,Менеджер,6,12
Комьюнити-менеджер / community manager,Менеджер,6,6
Трейд-маркетолог,Менеджер,6,6
Специалист в службу поддержки Медиасервисов Яндекса,Менеджер,6,6
Специалист группы разбора рекламаций,Менеджер,6,6
Удаленный Менеджер по работе с клиентами (без поиска),Менеджер,6,6
Специалист по видеонаблюдению,Менеджер,6,6
Change - менеджер,Менеджер,6,1
Технический аналитик,Менеджер,6,12
Специалист технической поддержки,Менеджер,6,6
Менеджер по работе с клиентами (без прямых продаж),Менеджер,6,6
Специалист по внедрению и сопровождению ПО,Менеджер,6,6
Специалист группы почтовой поддержки Директа,Менеджер,6,6
Специалист виртуального офиса,Менеджер,6,6
"Frontend разработчик (Vue, React, Angular)",Веб,1,10
Frontend-разработчик,Веб,1,10
Frontend-разработчик,Веб,1,10
Frontend разработчик (React),Веб,1,10
Backend разработчик (Java),Веб,1,1
Backend Developer (Пермь),Веб,1,10
Web-программист,Веб,1,10
Kotlin Backend Senior Developer (remote),Веб,1,5
PHP Веб-разработчик Bitrix24,Веб,1,10
Frontend developer (Contact Center) remote,Веб,1,10
Backend-разработчик (PHP),Веб,1,10
Frontend разработчик (Цифровой каталог услуг),Веб,1,5
Backend-разработчик (Middle),Веб,1,10
Frontend developer (Billing) remote,Веб,1,10
Ведущий веб-разработчик / Senior Fullstack Developer,Веб,1,10
"Веб-разработчик (PHP, Битрикс-программист)",Веб,1,10
Web-программист,Веб,1,6
"Fullstack developer (JavaScript, Node.js) удаленно",Веб,1,10
Frontend developer (audio&video conferences) remote,Веб,1,10
Веб-программист / Modx EVO / EVO CMS,Веб,1,6
Senior/Middle Fullstack Developer (.NET + React),Веб,1,10
Python Backend developer,Веб,1,10
Fullstack React Developer,Веб,1,10
WEB разработчик сайтов,Веб,1,5
Frontend-разработчик (Middle),Веб,1,10
Frontend-разработчик,Веб,1,10
Frontend разработчик (react),Веб,1,10
Frontend программист React+Typescript,Веб,1,10
Веб-программист/web-программист,Веб,1,10
Frontend-разработчик (React),Веб,1,10
Веб-программист Full Stack (Front + Back),Веб,1,6
Frontend разработчик (Angular),Веб,1,5
Frontend-разработчик,Веб,1,10
Middle Backend разработчик (удалённо),Веб,1,10
Web-разработчик / Team-Lead (Full stack PHP),Веб,1,10
Frontend-разработчик личного кабинета,Веб,1,10
Middle JavaScript / Frontend Developer,Веб,1,5
Программист-тестировщик производительности приложений (Junior),Разработка,10,6
Программист 1C на проект,Разработка,10,6
Разработчик Ruby & RoR,Разработка,10,6
Бекенд-разработчик в Путешествия,Разработка,10,10
Фронтенд-разработчик в Конструктор лендингов,Разработка,10,11
Программист SQL,Разработка,10,6
IOS Developer,Разработка,10,10
Программист С++ (Казань),Разработка,10,10
Android разработчик,Разработка,10,10
Front-end разработчик (React.js / React Native),Разработка,10,10
Разработчик iOS (удаленно),Разработка,10,10
Разработчик мобильных приложений под Android,Разработка,10,10
Разработчик Python,Разработка,10,10
Программист 1С,Разработка,10,10
PHP-программист,Разработка,10,10
Программист 1С (фармацевтическое производство),Разработка,10,10
Android разработчик,Разработка,10,10
Разработчик ЦФТ,Разработка,10,10
Back-end разработчик / Node.js,Разработка,10,10
Разработчик в группу коммерческих решений Турбо,Разработка,10,10
Разработчик DWH (удаленно),Разработка,10,10
"Фронт-энд разработчик (React.js / React, Middle/Senior)",Разработка,10,11
Senior Python Developer (Full stack),Разработка,10,10
Ведущий программист 1С (удаленно),Разработка,10,10
C# Разработчик,Разработка,10,10
Разработчик 1С (в Москву),Разработка,10,6
PHP-разработчик,Разработка,10,10
Программист 1С,Разработка,10,10
React разработчик в Neattech.io,Разработка,10,6
Node.js/React.js программист,Разработка,10,10
Python - разработчик на проект DATAPK,Разработка,10,5
PHP-программист,Разработка,10,6
Программист SQL / .NET,Разработка,10,11
Разработчик SQL,Разработка,10,11
Ведущий программист 1С (Среднеуральск),Разработка,10,10
Программист (1C:Бухгалтерия),Разработка,10,11
"Full stack разработчик Asp.Net, MVC (удаленно)",Разработка,10,10
Разработчик SAS,Разработка,10,6
"Бэк-энд разработчик (node.js,Middle/Senior)",Разработка,10,10
IOS разработчик,Разработка,10,10
Middle Java developer,Разработка,10,5
C# developer/ C# разработчик (в группу разработки высоконагруженных серверов),Разработка,10,10
Lead .Net Developer,Разработка,10,10
Программист 1С,Разработка,10,11
Программист 1С - УНФ:Управление нашей фирмой 8.3,Разработка,10,6
"Full-stack developer (.net, JavaScript)",Разработка,10,10
Middle JavaScript Full Stack Developer,Разработка,10,10
Senior developer,Разработка,10,10
PHP-разработчик,Разработка,10,10
Senior Ruby on Rails Developer (Full-stack),Разработка,10,10
Ведущий C#-разработчик,Разработка,10,10
Разработчик С++ (Navi) middle,Разработка,10,11
Middle Net/C# разработчик в Fiji,Разработка,10,10
Python разработчик,Разработка,10,10
PHP-разработчик,Разработка,10,6
Программист - разработчик Middle -Full-stack,Разработка,10,6
PHP-программист (удаленно),Разработка,10,10
Senior developer (.net\vue.js),Разработка,10,10
Middle Java-разработчик,Разработка,10,10
IOS разработчик,Разработка,10,10
Lead/Senior Java Developer,Разработка,10,10
Разработчик Java / Back-End Java Developer,Разработка,10,11
Разработчик DWH (в г. Сочи),Разработка,10,10
Программист C# / ASP.NET MVC,Разработка,10,6
PHP-программист,Разработка,10,10
Senior PHP Developer,Разработка,10,5
Back-end and mobile developer (St. Petersburg/Remote),Разработка,10,10
Middle Scala Developer (Java / C++/С#/ Python/автоматизация экспертной деятельности),Разработка,10,10
Java-разработчик,Разработка,10,10
Middle Java-разработчик,Разработка,10,10
JavaScript разработчик,Разработка,10,10
Ведущий программист 1С/Координатор отдела внедрения 1С,Разработка,10,10
Python-разработчик,Разработка,10,10
Senior Android Developer,Разработка,10,10
Ведущий программист 1С (TeamLead),Разработка,10,10
"Программист 1С (ЗУП, БП)",Разработка,10,10
Программист 1С,Разработка,10,6
Senior iOS Developer,Разработка,10,10
Unity Developer (Hyper Casual),Разработка,10,10
Golang Developer,Разработка,10,10
Программист 1С ЗУП (дистанционно),Разработка,10,11
Lead Unity Developer (Hyper Casual),Разработка,10,10
Ruby on Rails developer (remote),Разработка,10,10
IOS разработчик супераппа Яндекс,Разработка,10,10
Senior Python Developer (remote),Разработка,10,3
Разработчик баз данных MS SQL,Разработка,10,6
Android Developer,Разработка,10,10
Программист 1С,Разработка,10,6
Программист (1C:TMS),Разработка,10,10
Разработчик 1С [id78342],Разработка,10,6
Программист 1С,Разработка,10,10
Senior Java Developer,Разработка,10,10
Программист/ведущий программист 1С,Разработка,10,6
Senior PHP-разработчик,Разработка,10,10
Разработчик Python,Разработка,10,6
Программист 1С,Разработка,10,10
Главный Java разработчик (проект по разработке платформы АС «Банковское страхование»),Разработка,10,6
Главный разработчик Java,Разработка,10,10
Разработчик баз данных,Разработка,10,6
Python разработчик,Разработка,10,10
Java developer (удаленная работа),Разработка,10,10
Разработчик 1С:ЗУП [id59242],Разработка,10,10
Lead разработчик (Python + Django),Разработка,10,10
Программист 1С [id65861],Разработка,10,10
Java Developer (International IT Company),Разработка,10,10
Программист SQL,Разработка,10,11
Python Developer (Python программист),Разработка,10,10
Программист backend (API-интеграции),Разработка,10,10
"Ведущий PHP-программист, Symfony",Разработка,10,10
Golang-разработчик,Разработка,10,10
Senior Front-end Developer (remote),Разработка,10,10
Middle Front-end разработчик (Vue.js),Разработка,10,10
Android Developer (разработка решения Naumen Service Desk),Разработка,10,10
Senior Node.js Developer,Разработка,10,10
PHP разработчик / PHP Developer (удаленно),Разработка,10,10
Разработчик ЦФТ (развитие технологических сервисов),Разработка,10,10
Ведущий разработчик .net [id15315],Разработка,10,10
Node.JS Developer,Разработка,10,10
Middle Java Developer,Разработка,10,10
Java-разработчик,Разработка,10,10
Senior C++ Developer,Разработка,10,10
Разработчик BI,Разработка,10,11
Middle GO Developer,Разработка,10,10
Разработчик BI (Cognos),Разработка,10,10
Java-разработчик [id 52112],Разработка,10,10
Lead Ruby on Rails Developer (remote),Разработка,10,10
Front-end разработчик (React),Разработка,10,10
Java разработчик (Профиль клиента),Разработка,10,5
PHP-разработчик (backend-программист),Разработка,10,10
Senior Computer Vision C++ Developer,Разработка,10,10
Android разработчик (финансовые сервисы),Разработка,10,1
PHP-разработчик,Разработка,10,10
Программист Delphi,Разработка,10,11
Программист 1С,Разработка,10,10
Senior iOS Developer (телеком),Разработка,10,10
Java разработчик / Senior Java разработчик (TeamLead),Разработка,10,10
PHP разработчик,Разработка,10,10
Senior PHP Developer,Разработка,10,10
Senior/Middle Java developer,Разработка,10,10
Ведущий программист 1С/удаленно,Разработка,10,10
.NET developer,Разработка,10,10
Разработчик отчетов,Разработка,10,6
Программист 1C (удаленная работа),Разработка,10,10
Программист-разработчик,Разработка,10,11
Middle/Senior разработчик Flutter (удаленно),Разработка,10,10
Главный java разработчик (СберЛизинг),Разработка,10,6
Java to Kotlin разработчик (ЛК РКО SME - Origination),Разработка,10,10
Разработчик C# (Цифровой каталог услуг),Разработка,10,6
Senior Java Developer,Разработка,10,10
Разработчик DWH,Разработка,10,10
Разработчик Go (Golang),Разработка,10,10
Программист 1С 8.3 (Среднеуральск),Разработка,10,10
Программист Python,Разработка,10,10
Ведущий разработчик DWH Департамента аналитических систем,Разработка,10,10
Разработчик интерфейсов в Путешествия,Разработка,10,10
"HTML-разработчик, удалённо (Middle/Lead)",Разработка,10,10
Senior Full Stack .Net Developer (Angular),Разработка,10,10
Программист по направлению голосового управления,Разработка,10,10
Разработчик SQL,Разработка,10,6
Middle Node.js Developer (TypeScript),Разработка,10,10
Salesforce Application Developer,Разработка,10,10
Программист микроконтроллеров,Разработка,10,6
Java developer,Разработка,10,10
Senior C++ Developer,Разработка,10,10
Программист Террасофт Creatio,Разработка,10,6
Middle Android Developer,Разработка,10,10
Senior .Net Developer,Разработка,10,10
Senior JavaScript Developer (Angular 9),Разработка,10,10
Разработчик бизнес-процессов,Разработка,10,6
Программист С++,Разработка,10,11
Java developer,Разработка,10,10
PHP-разработчик,Разработка,10,10
Java разработчик,Разработка,10,10
Ведущий .Net/C# разработчик в Export,Разработка,10,10
Middle Java Developer,Разработка,10,10
Middle front-end разработчик в отдел инфраструктурной разработки,Разработка,10,10
Программист-разработчик (Android),Разработка,10,10
"Front-end разработчик (React, React Native)",Разработка,10,10
"Front-end developer (Программист JavaScript, React)",Разработка,10,10
ABAP разработчик (MDG),Разработка,10,10
Python разработчик (middle/senior),Разработка,10,10
LOTUS-разработчик,Разработка,10,10
Разработчик DWH (ETL Informatica),Разработка,10,11
Android разработчик супераппа Яндекс,Разработка,10,10
Программист 1с удаленно,Разработка,10,10
Разработчик интерфейсов в Район,Разработка,10,11
Go-разработчик (DevPlatform),Разработка,10,10
Программист С++,Разработка,10,6
IOS разработчик,Разработка,10,10
Программист JS,Разработка,10,10
Java Developer,Разработка,10,10
Oracle разработчик,Разработка,10,10
Scala разработчик,Разработка,10,10
Разработчик Python на удалёнку,Разработка,10,10
JavaScript разработчик (React / Node.js),Разработка,10,5
Java разработчик,Разработка,10,10
Программист 1С,Разработка,10,10
Python разработчик,Разработка,10,10
Senior/Middle .NET Developer (Fullstack),Разработка,10,6
Программист-разработчик,Разработка,10,6
Scala Junior+ разработчик,Разработка,10,10
Delphi разработчик,Разработка,10,5
Инженер по обслуживанию станции кабельного телевидения,Инженер,5,6
Инженер технической поддержки,Инженер,5,6
Старший инженер,Инженер,5,6
Инженер по телекоммуникациям (Екатеринбург),Инженер,5,6
Инженер-программист АСУ ТП,Инженер,5,12
Инженер активного оборудования,Инженер,5,6
Сервисный инженер по обслуживанию банковского оборудования,Инженер,5,6
IT- Инженер по сопровождению,Инженер,5,5
Сервисный инженер,Инженер,5,6
"Сервисный инженер (р-н Академический, Широкая речка, Юго-Запад, Виз, Заречный, Сортировочный)",Инженер,5,6
Старший инженер,Инженер,5,6
Инженер по автоматизации,Инженер,5,6
Инженер клиентской производительности (QA),Инженер,5,6
Инженер функционального тестирования,Инженер,5,6
Инженер-тестировщик,Инженер,5,6
Инженер-монтажник (ДГПХ),Инженер,5,6
Главный инженер по сопровождению,Инженер,5,6
Старший инженер телефонной сети,Инженер,5,12
Главный инженер по разработке Java,Инженер,5,6
Инженер-программист отдела сопровождения,Инженер,5,6
Инженер по обслуживанию,Инженер,5,6
Инженер-программист 1С,Инженер,5,11
Инженер удостоверяющего центра,Инженер,5,6
Сервисный инженер,Инженер,5,6
Инженер 2 категории,Инженер,5,6
Инженер-проектировщик металлоконструкций АМС (антенно-мачтовых сооружений),Инженер,5,6
Сервисный инженер \ Мастер по ремонту,Инженер,5,6
Инженер-программист-технолог (NX CAM),Инженер,5,6
"Инженер-разработчик (C, Linux)",Инженер,5,6
"Ведущий инженер-программист АСУ ТП на проект (PCS7, Siemens)",Инженер,5,11
Инженер DevOps,Инженер,5,5
Ведущий инженер проектно-конструкторской группы,Инженер,5,9
DevOps Инженер (remote),Инженер,5,1
Сервисный инженер,Инженер,5,11
Старший DevOps инженер (удалённо),Инженер,5,12
Инженер транспортных сетей,Инженер,5,11
DevOps инженер,Инженер,5,5
Инженер-программист в отдел связи (Екатеринбург),Инженер,5,10
Инженер связи / Техник по подключению,Инженер,5,6
Старший DevOps инженер (Windows),Инженер,5,12
"Инженер по подключению телеком-услуг (Интернет, ТВ)",Инженер,5,4
Инженер отдела администрирования средств защиты,Инженер,5,6
Инженер группы эксплуатации (Общее ПО),Инженер,5,11
Инженер отдела проектирования базовых станций (Input Data Engineer),Инженер,5,12
Инженер-проектировщик базовых станций сотовой связи (Site Design Engineer),Инженер,5,12
Старший инженер по сопровождению,Инженер,5,6
Инженер по нагрузочному тестированию,Инженер,5,6
Старший инженер в Группу сопровождения,Инженер,5,6
DevOps инженер,Инженер,5,5
Ведущий инженер,Инженер,5,5
Главный инженер по сопровождению,Инженер,5,6
Инженер АТС (Группа эксплуатации систем связи),Инженер,5,6
Главный инженер проекта (Chief Site Design Engineer),Инженер,5,12
DevOps инженер,Инженер,5,1
Инженер нагрузочного тестирования,Инженер,5,6
DevOps инженер,Инженер,5,5
Инженер Linux,Инженер,5,6
"Инженер-проектировщик (раздел ""Архитектурные решения"")",Инженер,5,6
Инженер II категории группы связи,Инженер,5,6
Инженер Бюро САПР,Инженер,5,11
"Инженер-программист АСУ ТП (PCS7, WinCС, Step7, TIA Portal), г. Пермь",Инженер,5,6
SRE инженер (Java Developer),Инженер,5,5
Инженер по обслуживанию АМС,Инженер,5,6
Инженер-конструктор базовых станций сотовой связи (РНС) /BCR Engineer,Инженер,5,12
"Инженер-проектировщик (раздел ""Водоответвление"")",Инженер,5,6
Инженер по автоматизированному тестированию (САТИМ),Инженер,5,6
Главный инженер проекта / ГИП по подготовке РНС (Chief BCR Engineer),Инженер,5,12
Ведущий инженер по сопровождению,Инженер,5,6
Инженер-программист Delphi (проект Энергосфера),Инженер,5,11
Инженер технической поддержки (2 линия),Инженер,5,12
Инженер-программист С++ (проект Энергосфера),Инженер,5,6
Linux DevOps инженер,Инженер,5,5
DevOps инженер,Инженер,5,5
Инженер Unix,Инженер,5,6
Инженер 1 категории,Инженер,5,6
Ведущий инженер,Инженер,5,6
Сервисный инженер - моторист,Инженер,5,6
Старший инженер Oracle,Инженер,5,12
Инженер (Разработчик Oracle),Инженер,5,12
Инженер-проектировщик по расчету несущей способности зданий и сооружений,Инженер,5,6
Инженер-проектировщик АСУ ТП (АТХ),Инженер,5,6
"Инженер-программист (Разработчик C#, Delphi)",Инженер,5,6
Инженер IP Datacom (Moscow),Инженер,5,7
Инженер сопровождения ИТ-систем,Инженер,5,6
Инженер в дежурную службу,Инженер,5,6
Инженер,Инженер,5,6
Инженер поддержки,Инженер,5,6
Инженер по сопровождению в дежурную смену,Инженер,5,6
Инженер-программист,Инженер,5,6
"Инженер-программист (г. Радужный, Владимирская область)",Инженер,5,6
Инженер-программист отдела обеспечения информационной безопасности,Инженер,5,6
Инженер по тестированию (QA),Инженер,5,6
"Инженер - проектировщик по СС в части систем противопожарной защиты: АПС, СОУЭ, АСПЗ.",Инженер,5,12
Инженер слаботочных систем,Инженер,5,6
Инженер связи - бригадир,Инженер,5,6
"Ведущий инженер (VMware, Veeam)",Инженер,5,5
Инженер-программист Oracle,Инженер,5,12
Инженер по информационным технологиям,Инженер,5,6
Инженер мониторинга радиосети,Инженер,5,6
Главный инженер,Инженер,5,5
Инженер автоматизированной банковской системы,Инженер,5,6
Инженер-программист (Oracle),Инженер,5,12
Pre-sale Инженер IT,Инженер,5,5
Инженер-системотехник,Инженер,5,6
Инженер технической поддержки,Инженер,5,6
Инженер по наладке и испытаниям,Инженер,5,6
Инженер по автоматизации процессов разработки,Инженер,5,6
Ведущий инженер отдела PLM,Инженер,5,3
Инженер-монтажник (Екатеринбург),Инженер,5,6
Инженер-лаборант,Инженер,5,6
Сервисный инженер,Инженер,5,6
QA Engineer,QA,0,5
Тестировщик программного обеспечения,QA,0,6
QA инженер (тестировщик),QA,0,10
QA Engineer в Neattech.io,QA,0,5
QA Specialist,QA,0,10
QA-engineer,QA,0,5
Тестировщик,QA,0,6
QA engineer,QA,0,5
QA инженер,QA,0,5
QA Automation Engineer,QA,0,5
Тестировщик QA автоматизация,QA,0,11
QA инженер (автоматизированное тестирование),QA,0,10
Team Lead QA (Selenium),QA,0,5
Middle Manual QA specialist,QA,0,10
QA Automation Engineer (Python),QA,0,5
Тестировщик,QA,0,6
Senior QA Automation Engineer (java),QA,0,10
QA Engineer/DevOps (Тестировщик ПО),QA,0,10
Функциональный тестировщик/QA,QA,0,6
Lead QA engineer (St. Petersburg),QA,0,5
QA Lead,QA,0,5
QA инженер/Автотестировщик C# (middle/senior),QA,0,10
Python QA Developer,QA,0,10
QA-специалист (Тестировщик),QA,0,10
QA-инженер (Интернет-эквайринг),QA,0,5
Тестировщик - автоматизатор,QA,0,6
QA инженер,QA,0,5
Функциональный тестировщик,QA,0,11
QA-инженер,QA,0,10
QA Specialist (Casual),QA,0,10
Старший системный администратор,Сети,12,6
Системный администратор,Сети,12,6
Администратор проектов (Менеджер проектов),Сети,12,6
Администратор,Сети,12,6
Дежурный системный администратор технической поддержки,Сети,12,5
Администратор проекта,Сети,12,6
Системный аналитик,Сети,12,6
Системный администратор Linux,Сети,12,12
Системный аналитик (Голосовые роботы),Сети,12,11
Системный аналитик DataLab,Сети,12,12
Системный администратор,Сети,12,6
Системный администратор 1С,Сети,12,11
Системный разработчик,Сети,12,11
Старший системный аналитик,Сети,12,6
System Analyst/Системный аналитик,Сети,12,5
Системный администратор/Инженер (Техническая поддержка/Helpdesk),Сети,12,6
Старший системный администратор,Сети,12,11
Системный аналитик,Сети,12,6
Администратор проектов,Сети,12,5
Системный администратор WEB серверов,Сети,12,12
Старший системный аналитик,Сети,12,12
Системный аналитик,Сети,12,6
Системный архитектор,Сети,12,11
Системный аналитик,Сети,12,6
Администратор баз данных MS SQL,Сети,12,10
Системный аналитик (Корпоративное страхование),Сети,12,6
Ведущий системный аналитик (промышленная автоматизация),Сети,12,10
Системный аналитик software (удалённо),Сети,12,11
"Системный администратор СХД, РК",Сети,12,11
Системный аналитик (POS и Программа Лояльности),Сети,12,12
Системный инженер,Сети,12,6
Системный аналитик BPM,Сети,12,11
Системный инженер (Москва),Сети,12,12
Администратор систем виртуализации / системный администратор,Сети,12,6
Администратор баз данных (IBM DB2 LUW DBA),Сети,12,5
Администратор баз данных (Postgres),Сети,12,10
Системный аналитик,Сети,12,6
Администратор 1С [id61341],Сети,12,5
Системный аналитик,Сети,12,6
"Администратор (Гагарина, 33, пер. Сызранский,15)",Сети,12,6
Системный аналитик (MS Dynamics),Сети,12,11
Системный аналитик,Сети,12,11
Системный аналитик ЦФТ,Сети,12,12
Сетевой инженер,Сети,12,6
Системный аналитик,Сети,12,11
Администратор баз данных / Data Engineer [id 80421],Сети,12,5
Системный администратор,Сети,12,12
Администратор проектов,Сети,12,5
Системный Администратор / Администратор БД,Сети,12,11
Системный аналитик,Сети,12,12
Системный аналитик (офис\удаленно),Сети,12,11
Администратор сайта (программист/разработчик),Сети,12,6
Бизнес/Системный аналитик (remote),Сети,12,5
Системный администратор,Сети,12,6
Системный администратор,Сети,12,6
Системный администратор,Сети,12,6
Системный администратор,Сети,12,6
Монтажник,Монтаж,7,6
"Техник (систем СОТ, СКС и СКУД)",Монтаж,7,6
Монтажник объектов связи,Монтаж,7,6
Мастер по ремонту компьютеров,Монтаж,7,6
Мастер по обслуживанию абонентов,Монтаж,7,6
Выездной компьютерный мастер,Монтаж,7,6
Scrum-мастер/SDM,Монтаж,7,5
BIM мастер (компания-застройщик),Монтаж,7,10
Выездной Компьютерный Мастер,Монтаж,7,6
Техник слаботочных систем,Монтаж,7,6
Монтажник ВОЛС,Монтаж,7,6
Мастер по Ремонту Телевизоров,Монтаж,7,6
Монтажник ЖБК,Монтаж,7,6
Монтажник (подключение к Интернету),Монтаж,7,6
Техник аварийно-восстановительных работ,Монтаж,7,6
Монтажник ВОЛС,Монтаж,7,6
"Монтажник слаботочных систем (Эльмаш, Уралмаш)",Монтаж,7,6
"Руководитель проектов ИТ ERP, г. Ревда",Руководство,11,6
Управляющий офисом,Руководство,11,6
Руководитель группы разработки Центра внедрения и сопровождения,Руководство,11,12
Технический руководитель проектов 1С (системный архитектор),Руководство,11,11
Руководитель бригады-измеритель,Руководство,11,6
Руководитель проектов / Middle,Руководство,11,6
Руководитель проектов,Руководство,11,6
Руководитель отдела корпоративных продаж,Руководство,11,6
Руководитель IT проектов,Руководство,11,11
Руководитель IT направления,Руководство,11,11
Руководитель отдела ИТ/ Руководитель проектов внедрения 1С,Руководство,11,11
Руководитель Группы поддержки пользователей на местах,Руководство,11,6
Руководитель направления маркетинга (в г. Набережные Челны),Руководство,11,6
Руководитель группы развития продаж инфраструктурных решений,Руководство,11,6
Руководитель проектного офиса,Руководство,11,6
"Руководитель программы проектов по WMS (субхолдинг ""Переработка молока""), г.Ижевск",Руководство,11,11
Руководитель отдела внедрения 1C ERP,Руководство,11,11
Руководитель отдела эксплуатации бизнес приложений,Руководство,11,6
Руководитель программы проектов (1С) в г. Ижевск,Руководство,11,6
Руководитель группы поддержки закупок и продаж (в сфере ИТ),Руководство,11,11
Руководитель Группы внедрения (хранилище данных),Руководство,11,6
Руководитель отдела Data Science & Analytics в г. Казань,Руководство,11,11
Руководитель проектов в ИТ,Руководство,11,6
Руководитель проекта по управлению бизнес-процессами бухгалтерского обслуживания,Руководство,11,11
Управляющий розничной сетью,Руководство,11,11
Руководитель отдела разработки,Руководство,11,6
Начальник отделения почтовой связи,Руководство,11,6
Руководитель группы технической поддержки,Руководство,11,6
Руководитель проектов по информационной безопасности,Руководство,11,6
Руководитель интернет-магазина,Руководство,11,6
Руководитель по развитию региона,Руководство,11,6
Начальник участка,Руководство,11,6
Руководитель отдела продаж / РОП,Руководство,11,11
Руководитель по развитию каналов продаж (b2b),Руководство,11,6
Руководитель IT проектов,Руководство,11,6
Руководитель IT-отдела,Руководство,11,11
Преподаватель курсов VmWare(тренер),Преподавание,9,6
Преподаватель по программированию,Преподавание,9,6
Учитель робототехники,Преподавание,9,6
Младший QA инженер,Начало карьеры,8,6
Angular junior разработчик,Начало карьеры,8,1
Стажер по автотестированию,Начало карьеры,8,6
Junior DevOps Engineer,Начало карьеры,8,5
Junior QA Automation Engineer,Начало карьеры,8,8
Стажер-разработчик АВАР,Начало карьеры,8,12
Младший программист 1С 8.3 (Среднеуральск),Начало карьеры,8,6
DevOps стажер (удалённо),Начало карьеры,8,5
Младший аналитик 1С (Бухгалтерский и налоговый учет),Начало карьеры,8,6
Младший разработчик RPA,Начало карьеры,8,6
"Junior, Middle DevOps engineer (Вьетнам, Удаленно)",Начало карьеры,8,5
Младший разработчик Центра внедрения и сопровождения Департамента аналитических систем,Начало карьеры,8,12
Стажер SAP FM,Начало карьеры,8,6
Scala junior разработчик,Начало карьеры,8,10
Оператор call-центра (удаленно),Звонки,4,6
Копирайтер,Другое,3,6
Главный энергетик,Другое,3,6
Technical Support Specialist,Другое,3,3
Оператор группы ввода данных Маркета,Другое,3,6
Директор IT-отдела,Другое,3,6
Оператор станка с ЧПУ,Другое,3,6
Тимлид в команду поддержки,Другое,3,6
Head of Sales in IT Outsourcing company,Другое,3,10
Delivery Manager,Другое,3,5
Асессор (юриспруденция),Другое,3,6
System Analyst,Другое,3,10
Product Owner,Другое,3,5
Заместитель директора в отдел аудитов по информационной безопасности,Другое,3,5
Наладчик станков с ЧПУ,Другое,3,6
Наладчик станков с ЧПУ,Другое,3,6
Оператор колл-центра в отдел заботы о клиентах,Другое,3,6
Оператор ЧПУ плазменная резка (г. Елабуга),Другое,3,6
"Оператор станка с ЧПУ (листогибочный станок, г. Елабуга)",Другое,3,6
Контент-редактор,Другое,3,10
Team Lead группы сопровождения,Другое,3,6
DevOps Engineer (удаленно),Другое,3,1
Директор салона сотовой связи (район ВИЗ),Другое,3,6
IT Project Manager (г. Казань),Другое,3,5
Project Manager в Neattech.io,Другое,3,5
Senior Software Projects Manager,Другое,3,10
Заместитель начальника ОПС,Другое,3,6
PHP Team lead,Другое,3,5
Рекрутер дистанционно,Другое,3,6
Старший SMM–менеджер,Другое,3,6
DevOps Engineer,Другое,3,10
Game Designer Balance (Casual),Другое,3,10
Директор по E-Commerce,Другое,3,6
Quality engineer,Другое,3,6
Проектировщик пользовательских интерфейсов (UI/UX),Другое,3,6
"Team Lead (Frontend, Canvas Widgets)",Другое,3,10
Product Owner,Другое,3,5
Электрослесарь в ТЦ Глобус,Другое,3,6
Программиста ORACLE (PL/SQL),Другое,3,6
Data Engineer,Другое,3,10
Data Leakage Protection Analyst \ Security officer (IT),Другое,3,1
Middle/Senior Systems Analyst (remote),Другое,3,5
Teamlead команды разработки,Другое,3,10
Senior DevOps Engineer,Другое,3,10
Remote Product Manager,Другое,3,10
Team Lead Data Scientist в Контур.Фокус,Другое,3,6
Design Manager DWDM (Moscow),Другое,3,10
Art Lead (Match-3),Другое,3,10
FX Artist / Animator (2D),Другое,3,5
Senior DevOps Engineer (AWS),Другое,3,10
Information Security Manager,Другое,3,5
Data Engineer (Руководитель направления),Другое,3,5
Technical Lead Unity (Hyper Casual),Другое,3,10
Project Manager IT,Другое,3,10
Architect (O365),Другое,3,5
DevOps Specialist,Другое,3,1
Senior Data Scientist в NLP лабораторию,Другое,3,10
HR Manager,Другое,3,10
Java Team Lead (Remote),Другое,3,5
HR Head,Другое,3,10
HR Business Partner,Другое,3,10
Business Analyst (remote),Другое,3,10
Senior DevOps engineer (St. Petersburg/Remote),Другое,3,5
Recruiter (Hyper Casual Games),Другое,3,5
DevOps Engineer (remote),Другое,3,10
"Автотестировщик (Selenium, Java)",Другое,3,6
"Project Manager, Growth Team",Другое,3,5
Team lead Go (Golang),Другое,3,10
Lead DevOps Engineer (Azure),Другое,3,10
Analyst CRM,Другое,3,10
Оператор на телефоне,Другое,3,6
Software engineer,Другое,3,5
Супервайзер группы прямых продаж,Другое,3,6
Scrum Master (Скрам-мастер) в Казань,Другое,3,5
Affiliate manager/Publisher manager,Другое,3,10
Архитектор SharePoint,Другое,3,6
System Team Lead,Другое,3,10
Senior Business Analyst,Другое,3,10
Game Designer/Product Owner (Hyper Casual),Другое,3,5
BIM-координатор (федеральная компания),Другое,3,1
Senior Product analyst,Другое,3,10
Архитектор CRM,Другое,3,10
Project Manager (IT),Другое,3,5
Project Team Lead (Casual),Другое,3,7
Data Scientist,Другое,3,5
SAP Basis Engineer,Другое,3,5
Архитектор Центра внедрения и сопровождения Департамента аналитических систем,Другое,3,6
Service Manager,Другое,3,5
IT Marketing Manager,Другое,3,10
Исполнительный директор /Коммерческий директор,Другое,3,11
Директор проектного офиса,Другое,3,6
Senior Product Manager (Canvas),Другое,3,10
Торговый представитель,Другое,3,6
Java dev,Другое,3,5
Radio Network Optimization Engineer (Novosibirsk city),Другое,3,10
Оператор-наладчик станков с ЧПУ,Другое,3,6
"Support engineer (L2, remote)",Другое,3,5
Наладчик станков с ЧПУ,Другое,3,6
Директор проектов в сфере облачных технологий,Другое,3,6
Data scientist (NLP),Другое,3,1
Инсталлятор по подключению Интернета и TV,Другое,3,6
Автор/копирайтер (редактор),Другое,3,5
Координатор сервисной службы,Другое,3,6
Ведущий экономист в отдел повышения качества сервисов,Другое,3,6
Ведущий энергетик,Другое,3,6
Оператор-Наладчик станков с ЧПУ,Другое,3,6
BIM-координатор (авторское проектное бюро),Другое,3,10
Data analyst,Другое,3,5
Асессор в Маркет,Другое,3,5
Оператор видеонаблюдения,Другое,3,6
Межрегиональный технический директор Урала,Другое,3,6
Региональный представитель (г. Екатеринбург),Другое,3,6
Директор IT,Другое,3,6
Асессор (психология и психиатрия),Другое,3,6
Ученик компьютерного мастера,Другое,3,6
Таргетолог (удаленно),Другое,3,6
Модератор комментариев,Другое,3,6
